abbreviation_de,title_de,description_de,abbreviation_en,Title_en,description_en,body_region_de,body_detail_de,Body_region_en,body_detail_en,deception_rating
Acc,Arme verschränkt,"Arme verschränkt, oft aus Temperaturgründen oder Komfort",Acc,arm cross,"Arms crossed, often due to temperature or comfort",Oberkörper,Arm,upperbody,arm,4.0
Sh,Schulterzucken,"Schultern werden hochgezogen, zeigt Unsicherheit oder Gleichgültigkeit",Sh,shoulder shrug,"Shoulders raised, showing uncertainty or indifference",Oberkörper,Arm,upperbody,arm,1.0
Ec,Ellenbogen geschlossen,"Ellenbogen werden eng am Körper gehalten, schützt die eigene Mitte",Ec,ellbow closure,"Elbows held close to the body, protecting personal space",Oberkörper,Arm,upperbody,arm,3.5
Eo,Ellenbogen nach außen,"Ellenbogen werden nach außen gestreckt, signalisiert Abwehr",Eo,ellbows out ,"Elbows extended outward, signaling defensiveness",Oberkörper,Arm,upperbody,arm,1.0
Bh,Hinter dem Kopf,"Hände hinter dem Kopf verschränkt, wirkt entspannt oder selbstbewusst",Bh,behind head,"Hands clasped behind head, appearing relaxed or confident",Oberkörper,Arm,upperbody,arm,1.5
Ah,Hände in die Hüften,"Arme auf Hüfte, zeigt Dominanz oder Selbstsicherheit",Ah,arms on hips,"Arms on hips, showing dominance or confidence",Oberkörper,,upperbody,"arm,hip",1.5
Shg,Selbstumarmung,"Arme werden um den eigenen Körper gelegt, signalisiert Schutz",Shg,self hug ,"Arms wrapped around oneself, signaling self-protection",Oberkörper,Arm,upperbody,arm,1.5
Bb,Hände hinter dem Rücken,"Arme hinter dem Rücken verschränkt, neutral oder abwartend",Bb,arms behind back,"Arms held behind back, neutral or waiting posture",Oberkörper,Arm,upperbody,arm,1.5
Wp,Einarmig umschlungen,"Ein Arm um den Körper gelegt, signalisiert Unsicherheit oder Schutz",Wp,single arm wrap,"One arm wrapped around body, signaling insecurity or defense",Oberkörper,Arm,upperbody,arm,2.5
Ia,Arme in die Luft,"Arme werden erhoben, kann Überraschung oder Freude zeigen",Ia,arms in air,"Arms raised, indicating surprise or excitement",Oberkörper,Arm,upperbody,arm,2.0
